{
  "type": "draconicevolution:fusion_crafting",
  "catalyst": {
    "item": "dgmodules:draconic_hp_damage_module"
  },
  "ingredients": [
    {
      "consume": true,
      "ingredient": {
        "item": "draconicevolution:chaotic_core"
      }
    },
    {
      "consume": true,
      "ingredient": {
        "item": "draconicevolution:chaotic_energy_core"
      }
    },
    {
      "consume": true,
      "ingredient": {
        "item": "draconicevolution:awakened_core"
      }
    },
    {
      "consume": true,
      "ingredient": {
        "item": "draconicevolution:chaos_shard"
      }
    },
    {
      "consume": true,
      "ingredient": {
        "item": "draconicevolution:medium_chaos_frag"
      }
    },
    {
      "consume": true,
      "ingredient": {
        "item": "draconicevolution:medium_chaos_frag"
      }
    },
    {
      "consume": true,
      "ingredient": {
        "item": "draconicevolution:awakened_draconium_ingot"
      }
    },
    {
      "consume": true,
      "ingredient": {
        "item": "draconicevolution:awakened_draconium_ingot"
      }
    }
  ],
  "result": {
    "count": 1,
    "id": "dgmodules:chaotic_hp_damage_module"
  },
  "techLevel": "chaotic",
  "totalEnergy": 120000000
}
