{
  "type": "draconicevolution:fusion_crafting",
  "catalyst": {
    "item": "draconicevolution:item_chaotic_shield_recovery"
  },
  "ingredients": [
    {
      "consume": true,
      "ingredient": {
        "item": "draconicevolution:item_chaotic_shield_recovery"
      }
    },
    {
      "consume": true,
      "ingredient": {
        "item": "draconicevolution:item_chaotic_shield_recovery"
      }
    },
    {
      "consume": true,
      "ingredient": {
        "item": "draconicevolution:chaotic_core"
      }
    },
    {
      "consume": true,
      "ingredient": {
        "item": "draconicevolution:chaotic_core"
      }
    },
    {
      "consume": true,
      "ingredient": {
        "item": "draconicevolution:chaos_shard"
      }
    },
    {
      "consume": true,
      "ingredient": {
        "item": "draconicevolution:chaos_shard"
      }
    },
    {
      "consume": true,
      "ingredient": {
        "item": "draconicevolution:large_chaos_frag"
      }
    },
    {
      "consume": true,
      "ingredient": {
        "item": "draconicevolution:large_chaos_frag"
      }
    }
  ],
  "result": {
    "count": 1,
    "id": "dgmodules:compressed_chaotic_shield_recovery_module"
  },
  "techLevel": "chaotic",
  "totalEnergy": 360000000
}