{
  "type": "minecraft:crafting_shaped",
  "category": "misc",
  "pattern": [
    "IPI",
    "DMD",
    "ICI"
  ],
  "key": {
    "I": {
      "tag": "c:ingots/draconium"
    },
    "M": {
      "item": "draconicevolution:module_core"
    },
    "C": {
      "item": "draconicevolution:draconium_core"
    },
    "D": {
      "item": "draconicevolution:item_draconium_damage"
    },
    "P": {
      "type": "neoforge:components",
      "items": "minecraft:potion",
      "components": {
        "minecraft:max_stack_size": 1,
        "minecraft:potion_contents": {
          "potion": "minecraft:harming"
        }
      }
    }
  },
  "result": {
    "count": 1,
    "id": "dgmodules:wyvern_hp_damage_module"
  }
}
